,headquarters,primaryTag,amount,lat,lon,num_deals
1584,toronto,ai,3186345507,43.6511,-79.347,963
1372,toronto,ai,3186345507,43.6511,-79.347,963
1516,toronto,ai,3186345507,43.6511,-79.347,963
1420,toronto,ai,3186345507,43.6511,-79.347,963
1416,toronto,ai,3186345507,43.6511,-79.347,963
1520,toronto,ai,3186345507,43.6511,-79.347,963
1412,toronto,ai,3186345507,43.6511,-79.347,963
1284,toronto,ai,3186345507,43.6511,-79.347,963
1408,toronto,ai,3186345507,43.6511,-79.347,963
1524,toronto,ai,3186345507,43.6511,-79.347,963
1404,toronto,ai,3186345507,43.6511,-79.347,963
1400,toronto,ai,3186345507,43.6511,-79.347,963
1528,toronto,ai,3186345507,43.6511,-79.347,963
1396,toronto,ai,3186345507,43.6511,-79.347,963
1392,toronto,ai,3186345507,43.6511,-79.347,963
1532,toronto,ai,3186345507,43.6511,-79.347,963
1388,toronto,ai,3186345507,43.6511,-79.347,963
1484,toronto,ai,3186345507,43.6511,-79.347,963
1536,toronto,ai,3186345507,43.6511,-79.347,963
1380,toronto,ai,3186345507,43.6511,-79.347,963
1376,toronto,ai,3186345507,43.6511,-79.347,963
1424,toronto,ai,3186345507,43.6511,-79.347,963
1428,toronto,ai,3186345507,43.6511,-79.347,963
1512,toronto,ai,3186345507,43.6511,-79.347,963
1460,toronto,ai,3186345507,43.6511,-79.347,963
1480,toronto,ai,3186345507,43.6511,-79.347,963
1488,toronto,ai,3186345507,43.6511,-79.347,963
1476,toronto,ai,3186345507,43.6511,-79.347,963
1472,toronto,ai,3186345507,43.6511,-79.347,963
1492,toronto,ai,3186345507,43.6511,-79.347,963
1468,toronto,ai,3186345507,43.6511,-79.347,963
1464,toronto,ai,3186345507,43.6511,-79.347,963
1496,toronto,ai,3186345507,43.6511,-79.347,963
1456,toronto,ai,3186345507,43.6511,-79.347,963
1432,toronto,ai,3186345507,43.6511,-79.347,963
1500,toronto,ai,3186345507,43.6511,-79.347,963
1452,toronto,ai,3186345507,43.6511,-79.347,963
1448,toronto,ai,3186345507,43.6511,-79.347,963
1504,toronto,ai,3186345507,43.6511,-79.347,963
1444,toronto,ai,3186345507,43.6511,-79.347,963
1440,toronto,ai,3186345507,43.6511,-79.347,963
1508,toronto,ai,3186345507,43.6511,-79.347,963
1436,toronto,ai,3186345507,43.6511,-79.347,963
1540,toronto,ai,3186345507,43.6511,-79.347,963
1384,toronto,ai,3186345507,43.6511,-79.347,963
1328,toronto,ai,3186345507,43.6511,-79.347,963
1368,toronto,ai,3186345507,43.6511,-79.347,963
1336,toronto,ai,3186345507,43.6511,-79.347,963
1300,toronto,ai,3186345507,43.6511,-79.347,963
1560,toronto,ai,3186345507,43.6511,-79.347,963
1332,toronto,ai,3186345507,43.6511,-79.347,963
1576,toronto,ai,3186345507,43.6511,-79.347,963
1304,toronto,ai,3186345507,43.6511,-79.347,963
1564,toronto,ai,3186345507,43.6511,-79.347,963
1344,toronto,ai,3186345507,43.6511,-79.347,963
1324,toronto,ai,3186345507,43.6511,-79.347,963
1320,toronto,ai,3186345507,43.6511,-79.347,963
1568,toronto,ai,3186345507,43.6511,-79.347,963
1308,toronto,ai,3186345507,43.6511,-79.347,963
1316,toronto,ai,3186345507,43.6511,-79.347,963
1572,toronto,ai,3186345507,43.6511,-79.347,963
1556,toronto,ai,3186345507,43.6511,-79.347,963
1340,toronto,ai,3186345507,43.6511,-79.347,963
1548,toronto,ai,3186345507,43.6511,-79.347,963
1356,toronto,ai,3186345507,43.6511,-79.347,963
1288,toronto,ai,3186345507,43.6511,-79.347,963
1544,toronto,ai,3186345507,43.6511,-79.347,963
1364,toronto,ai,3186345507,43.6511,-79.347,963
1292,toronto,ai,3186345507,43.6511,-79.347,963
1360,toronto,ai,3186345507,43.6511,-79.347,963
1312,toronto,ai,3186345507,43.6511,-79.347,963
1580,toronto,ai,3186345507,43.6511,-79.347,963
1352,toronto,ai,3186345507,43.6511,-79.347,963
1552,toronto,ai,3186345507,43.6511,-79.347,963
1296,toronto,ai,3186345507,43.6511,-79.347,963
1348,toronto,ai,3186345507,43.6511,-79.347,963
1489,toronto,fintech,2912645992,43.6511,-79.347,963
1501,toronto,fintech,2912645992,43.6511,-79.347,963
1497,toronto,fintech,2912645992,43.6511,-79.347,963
1573,toronto,fintech,2912645992,43.6511,-79.347,963
1581,toronto,fintech,2912645992,43.6511,-79.347,963
1493,toronto,fintech,2912645992,43.6511,-79.347,963
1577,toronto,fintech,2912645992,43.6511,-79.347,963
1541,toronto,fintech,2912645992,43.6511,-79.347,963
1569,toronto,fintech,2912645992,43.6511,-79.347,963
1505,toronto,fintech,2912645992,43.6511,-79.347,963
1565,toronto,fintech,2912645992,43.6511,-79.347,963
1509,toronto,fintech,2912645992,43.6511,-79.347,963
1513,toronto,fintech,2912645992,43.6511,-79.347,963
1561,toronto,fintech,2912645992,43.6511,-79.347,963
1517,toronto,fintech,2912645992,43.6511,-79.347,963
1557,toronto,fintech,2912645992,43.6511,-79.347,963
1553,toronto,fintech,2912645992,43.6511,-79.347,963
1525,toronto,fintech,2912645992,43.6511,-79.347,963
1549,toronto,fintech,2912645992,43.6511,-79.347,963
1529,toronto,fintech,2912645992,43.6511,-79.347,963
1533,toronto,fintech,2912645992,43.6511,-79.347,963
1545,toronto,fintech,2912645992,43.6511,-79.347,963
1537,toronto,fintech,2912645992,43.6511,-79.347,963
1485,toronto,fintech,2912645992,43.6511,-79.347,963
1521,toronto,fintech,2912645992,43.6511,-79.347,963
1481,toronto,fintech,2912645992,43.6511,-79.347,963
1333,toronto,fintech,2912645992,43.6511,-79.347,963
1373,toronto,fintech,2912645992,43.6511,-79.347,963
1369,toronto,fintech,2912645992,43.6511,-79.347,963
1365,toronto,fintech,2912645992,43.6511,-79.347,963
1361,toronto,fintech,2912645992,43.6511,-79.347,963
1357,toronto,fintech,2912645992,43.6511,-79.347,963
1353,toronto,fintech,2912645992,43.6511,-79.347,963
1349,toronto,fintech,2912645992,43.6511,-79.347,963
1345,toronto,fintech,2912645992,43.6511,-79.347,963
1341,toronto,fintech,2912645992,43.6511,-79.347,963
1337,toronto,fintech,2912645992,43.6511,-79.347,963
1329,toronto,fintech,2912645992,43.6511,-79.347,963
1477,toronto,fintech,2912645992,43.6511,-79.347,963
1325,toronto,fintech,2912645992,43.6511,-79.347,963
1321,toronto,fintech,2912645992,43.6511,-79.347,963
1317,toronto,fintech,2912645992,43.6511,-79.347,963
1313,toronto,fintech,2912645992,43.6511,-79.347,963
1309,toronto,fintech,2912645992,43.6511,-79.347,963
1305,toronto,fintech,2912645992,43.6511,-79.347,963
1301,toronto,fintech,2912645992,43.6511,-79.347,963
1297,toronto,fintech,2912645992,43.6511,-79.347,963
1293,toronto,fintech,2912645992,43.6511,-79.347,963
1289,toronto,fintech,2912645992,43.6511,-79.347,963
1377,toronto,fintech,2912645992,43.6511,-79.347,963
1381,toronto,fintech,2912645992,43.6511,-79.347,963
1385,toronto,fintech,2912645992,43.6511,-79.347,963
1389,toronto,fintech,2912645992,43.6511,-79.347,963
1473,toronto,fintech,2912645992,43.6511,-79.347,963
1469,toronto,fintech,2912645992,43.6511,-79.347,963
1465,toronto,fintech,2912645992,43.6511,-79.347,963
1461,toronto,fintech,2912645992,43.6511,-79.347,963
1457,toronto,fintech,2912645992,43.6511,-79.347,963
1453,toronto,fintech,2912645992,43.6511,-79.347,963
1449,toronto,fintech,2912645992,43.6511,-79.347,963
1445,toronto,fintech,2912645992,43.6511,-79.347,963
1441,toronto,fintech,2912645992,43.6511,-79.347,963
1437,toronto,fintech,2912645992,43.6511,-79.347,963
1585,toronto,fintech,2912645992,43.6511,-79.347,963
1429,toronto,fintech,2912645992,43.6511,-79.347,963
1425,toronto,fintech,2912645992,43.6511,-79.347,963
1421,toronto,fintech,2912645992,43.6511,-79.347,963
1417,toronto,fintech,2912645992,43.6511,-79.347,963
1413,toronto,fintech,2912645992,43.6511,-79.347,963
1409,toronto,fintech,2912645992,43.6511,-79.347,963
1405,toronto,fintech,2912645992,43.6511,-79.347,963
1401,toronto,fintech,2912645992,43.6511,-79.347,963
1397,toronto,fintech,2912645992,43.6511,-79.347,963
1393,toronto,fintech,2912645992,43.6511,-79.347,963
1433,toronto,fintech,2912645992,43.6511,-79.347,963
1285,toronto,fintech,2912645992,43.6511,-79.347,963
1652,vancouver,saas,2490873295,49.2827,-123.1207,315
1724,vancouver,saas,2490873295,49.2827,-123.1207,315
1812,vancouver,saas,2490873295,49.2827,-123.1207,315
1716,vancouver,saas,2490873295,49.2827,-123.1207,315
1660,vancouver,saas,2490873295,49.2827,-123.1207,315
1720,vancouver,saas,2490873295,49.2827,-123.1207,315
1788,vancouver,saas,2490873295,49.2827,-123.1207,315
1656,vancouver,saas,2490873295,49.2827,-123.1207,315
1728,vancouver,saas,2490873295,49.2827,-123.1207,315
1664,vancouver,saas,2490873295,49.2827,-123.1207,315
1784,vancouver,saas,2490873295,49.2827,-123.1207,315
1816,vancouver,saas,2490873295,49.2827,-123.1207,315
1732,vancouver,saas,2490873295,49.2827,-123.1207,315
1648,vancouver,saas,2490873295,49.2827,-123.1207,315
1736,vancouver,saas,2490873295,49.2827,-123.1207,315
1740,vancouver,saas,2490873295,49.2827,-123.1207,315
1712,vancouver,saas,2490873295,49.2827,-123.1207,315
1792,vancouver,saas,2490873295,49.2827,-123.1207,315
1820,vancouver,saas,2490873295,49.2827,-123.1207,315
1696,vancouver,saas,2490873295,49.2827,-123.1207,315
1684,vancouver,saas,2490873295,49.2827,-123.1207,315
1800,vancouver,saas,2490873295,49.2827,-123.1207,315
1804,vancouver,saas,2490873295,49.2827,-123.1207,315
1680,vancouver,saas,2490873295,49.2827,-123.1207,315
1692,vancouver,saas,2490873295,49.2827,-123.1207,315
1768,vancouver,saas,2490873295,49.2827,-123.1207,315
1676,vancouver,saas,2490873295,49.2827,-123.1207,315
1668,vancouver,saas,2490873295,49.2827,-123.1207,315
1700,vancouver,saas,2490873295,49.2827,-123.1207,315
1796,vancouver,saas,2490873295,49.2827,-123.1207,315
1672,vancouver,saas,2490873295,49.2827,-123.1207,315
1704,vancouver,saas,2490873295,49.2827,-123.1207,315
1808,vancouver,saas,2490873295,49.2827,-123.1207,315
1708,vancouver,saas,2490873295,49.2827,-123.1207,315
1644,vancouver,saas,2490873295,49.2827,-123.1207,315
1688,vancouver,saas,2490873295,49.2827,-123.1207,315
1756,vancouver,saas,2490873295,49.2827,-123.1207,315
1748,vancouver,saas,2490873295,49.2827,-123.1207,315
1824,vancouver,saas,2490873295,49.2827,-123.1207,315
1780,vancouver,saas,2490873295,49.2827,-123.1207,315
1612,vancouver,saas,2490873295,49.2827,-123.1207,315
1632,vancouver,saas,2490873295,49.2827,-123.1207,315
1752,vancouver,saas,2490873295,49.2827,-123.1207,315
1760,vancouver,saas,2490873295,49.2827,-123.1207,315
1616,vancouver,saas,2490873295,49.2827,-123.1207,315
1828,vancouver,saas,2490873295,49.2827,-123.1207,315
1636,vancouver,saas,2490873295,49.2827,-123.1207,315
1772,vancouver,saas,2490873295,49.2827,-123.1207,315
1620,vancouver,saas,2490873295,49.2827,-123.1207,315
1776,vancouver,saas,2490873295,49.2827,-123.1207,315
1608,vancouver,saas,2490873295,49.2827,-123.1207,315
1628,vancouver,saas,2490873295,49.2827,-123.1207,315
1744,vancouver,saas,2490873295,49.2827,-123.1207,315
1640,vancouver,saas,2490873295,49.2827,-123.1207,315
1624,vancouver,saas,2490873295,49.2827,-123.1207,315
1764,vancouver,saas,2490873295,49.2827,-123.1207,315
1478,toronto,saas,1595871999,43.6511,-79.347,963
1374,toronto,saas,1595871999,43.6511,-79.347,963
1474,toronto,saas,1595871999,43.6511,-79.347,963
1386,toronto,saas,1595871999,43.6511,-79.347,963
1498,toronto,saas,1595871999,43.6511,-79.347,963
1394,toronto,saas,1595871999,43.6511,-79.347,963
1490,toronto,saas,1595871999,43.6511,-79.347,963
1342,toronto,saas,1595871999,43.6511,-79.347,963
1390,toronto,saas,1595871999,43.6511,-79.347,963
1482,toronto,saas,1595871999,43.6511,-79.347,963
1378,toronto,saas,1595871999,43.6511,-79.347,963
1486,toronto,saas,1595871999,43.6511,-79.347,963
1470,toronto,saas,1595871999,43.6511,-79.347,963
1494,toronto,saas,1595871999,43.6511,-79.347,963
1338,toronto,saas,1595871999,43.6511,-79.347,963
1334,toronto,saas,1595871999,43.6511,-79.347,963
1422,toronto,saas,1595871999,43.6511,-79.347,963
1346,toronto,saas,1595871999,43.6511,-79.347,963
1466,toronto,saas,1595871999,43.6511,-79.347,963
1366,toronto,saas,1595871999,43.6511,-79.347,963
1426,toronto,saas,1595871999,43.6511,-79.347,963
1362,toronto,saas,1595871999,43.6511,-79.347,963
1430,toronto,saas,1595871999,43.6511,-79.347,963
1434,toronto,saas,1595871999,43.6511,-79.347,963
1418,toronto,saas,1595871999,43.6511,-79.347,963
1358,toronto,saas,1595871999,43.6511,-79.347,963
1438,toronto,saas,1595871999,43.6511,-79.347,963
1414,toronto,saas,1595871999,43.6511,-79.347,963
1502,toronto,saas,1595871999,43.6511,-79.347,963
1410,toronto,saas,1595871999,43.6511,-79.347,963
1442,toronto,saas,1595871999,43.6511,-79.347,963
1446,toronto,saas,1595871999,43.6511,-79.347,963
1354,toronto,saas,1595871999,43.6511,-79.347,963
1450,toronto,saas,1595871999,43.6511,-79.347,963
1370,toronto,saas,1595871999,43.6511,-79.347,963
1406,toronto,saas,1595871999,43.6511,-79.347,963
1454,toronto,saas,1595871999,43.6511,-79.347,963
1350,toronto,saas,1595871999,43.6511,-79.347,963
1458,toronto,saas,1595871999,43.6511,-79.347,963
1402,toronto,saas,1595871999,43.6511,-79.347,963
1462,toronto,saas,1595871999,43.6511,-79.347,963
1398,toronto,saas,1595871999,43.6511,-79.347,963
1318,toronto,saas,1595871999,43.6511,-79.347,963
1382,toronto,saas,1595871999,43.6511,-79.347,963
1574,toronto,saas,1595871999,43.6511,-79.347,963
1578,toronto,saas,1595871999,43.6511,-79.347,963
1314,toronto,saas,1595871999,43.6511,-79.347,963
1530,toronto,saas,1595871999,43.6511,-79.347,963
1582,toronto,saas,1595871999,43.6511,-79.347,963
1546,toronto,saas,1595871999,43.6511,-79.347,963
1322,toronto,saas,1595871999,43.6511,-79.347,963
1534,toronto,saas,1595871999,43.6511,-79.347,963
1566,toronto,saas,1595871999,43.6511,-79.347,963
1526,toronto,saas,1595871999,43.6511,-79.347,963
1298,toronto,saas,1595871999,43.6511,-79.347,963
1586,toronto,saas,1595871999,43.6511,-79.347,963
1522,toronto,saas,1595871999,43.6511,-79.347,963
1550,toronto,saas,1595871999,43.6511,-79.347,963
1306,toronto,saas,1595871999,43.6511,-79.347,963
1302,toronto,saas,1595871999,43.6511,-79.347,963
1570,toronto,saas,1595871999,43.6511,-79.347,963
1518,toronto,saas,1595871999,43.6511,-79.347,963
1326,toronto,saas,1595871999,43.6511,-79.347,963
1506,toronto,saas,1595871999,43.6511,-79.347,963
1554,toronto,saas,1595871999,43.6511,-79.347,963
1330,toronto,saas,1595871999,43.6511,-79.347,963
1286,toronto,saas,1595871999,43.6511,-79.347,963
1510,toronto,saas,1595871999,43.6511,-79.347,963
1310,toronto,saas,1595871999,43.6511,-79.347,963
1514,toronto,saas,1595871999,43.6511,-79.347,963
1562,toronto,saas,1595871999,43.6511,-79.347,963
1290,toronto,saas,1595871999,43.6511,-79.347,963
1542,toronto,saas,1595871999,43.6511,-79.347,963
1538,toronto,saas,1595871999,43.6511,-79.347,963
1294,toronto,saas,1595871999,43.6511,-79.347,963
1558,toronto,saas,1595871999,43.6511,-79.347,963
1423,toronto,cybersecurity,1400060550,43.6511,-79.347,963
1571,toronto,cybersecurity,1400060550,43.6511,-79.347,963
1331,toronto,cybersecurity,1400060550,43.6511,-79.347,963
1567,toronto,cybersecurity,1400060550,43.6511,-79.347,963
1363,toronto,cybersecurity,1400060550,43.6511,-79.347,963
1303,toronto,cybersecurity,1400060550,43.6511,-79.347,963
1307,toronto,cybersecurity,1400060550,43.6511,-79.347,963
1563,toronto,cybersecurity,1400060550,43.6511,-79.347,963
1431,toronto,cybersecurity,1400060550,43.6511,-79.347,963
1359,toronto,cybersecurity,1400060550,43.6511,-79.347,963
1435,toronto,cybersecurity,1400060550,43.6511,-79.347,963
1427,toronto,cybersecurity,1400060550,43.6511,-79.347,963
1299,toronto,cybersecurity,1400060550,43.6511,-79.347,963
1419,toronto,cybersecurity,1400060550,43.6511,-79.347,963
1575,toronto,cybersecurity,1400060550,43.6511,-79.347,963
1383,toronto,cybersecurity,1400060550,43.6511,-79.347,963
1379,toronto,cybersecurity,1400060550,43.6511,-79.347,963
1387,toronto,cybersecurity,1400060550,43.6511,-79.347,963
1287,toronto,cybersecurity,1400060550,43.6511,-79.347,963
1391,toronto,cybersecurity,1400060550,43.6511,-79.347,963
1291,toronto,cybersecurity,1400060550,43.6511,-79.347,963
1295,toronto,cybersecurity,1400060550,43.6511,-79.347,963
1395,toronto,cybersecurity,1400060550,43.6511,-79.347,963
1375,toronto,cybersecurity,1400060550,43.6511,-79.347,963
1587,toronto,cybersecurity,1400060550,43.6511,-79.347,963
1399,toronto,cybersecurity,1400060550,43.6511,-79.347,963
1403,toronto,cybersecurity,1400060550,43.6511,-79.347,963
1371,toronto,cybersecurity,1400060550,43.6511,-79.347,963
1583,toronto,cybersecurity,1400060550,43.6511,-79.347,963
1407,toronto,cybersecurity,1400060550,43.6511,-79.347,963
1579,toronto,cybersecurity,1400060550,43.6511,-79.347,963
1411,toronto,cybersecurity,1400060550,43.6511,-79.347,963
1415,toronto,cybersecurity,1400060550,43.6511,-79.347,963
1367,toronto,cybersecurity,1400060550,43.6511,-79.347,963
1559,toronto,cybersecurity,1400060550,43.6511,-79.347,963
1443,toronto,cybersecurity,1400060550,43.6511,-79.347,963
1439,toronto,cybersecurity,1400060550,43.6511,-79.347,963
1467,toronto,cybersecurity,1400060550,43.6511,-79.347,963
1531,toronto,cybersecurity,1400060550,43.6511,-79.347,963
1475,toronto,cybersecurity,1400060550,43.6511,-79.347,963
1343,toronto,cybersecurity,1400060550,43.6511,-79.347,963
1527,toronto,cybersecurity,1400060550,43.6511,-79.347,963
1479,toronto,cybersecurity,1400060550,43.6511,-79.347,963
1323,toronto,cybersecurity,1400060550,43.6511,-79.347,963
1523,toronto,cybersecurity,1400060550,43.6511,-79.347,963
1483,toronto,cybersecurity,1400060550,43.6511,-79.347,963
1339,toronto,cybersecurity,1400060550,43.6511,-79.347,963
1487,toronto,cybersecurity,1400060550,43.6511,-79.347,963
1519,toronto,cybersecurity,1400060550,43.6511,-79.347,963
1491,toronto,cybersecurity,1400060550,43.6511,-79.347,963
1327,toronto,cybersecurity,1400060550,43.6511,-79.347,963
1515,toronto,cybersecurity,1400060550,43.6511,-79.347,963
1495,toronto,cybersecurity,1400060550,43.6511,-79.347,963
1511,toronto,cybersecurity,1400060550,43.6511,-79.347,963
1499,toronto,cybersecurity,1400060550,43.6511,-79.347,963
1507,toronto,cybersecurity,1400060550,43.6511,-79.347,963
1503,toronto,cybersecurity,1400060550,43.6511,-79.347,963
1535,toronto,cybersecurity,1400060550,43.6511,-79.347,963
1471,toronto,cybersecurity,1400060550,43.6511,-79.347,963
1319,toronto,cybersecurity,1400060550,43.6511,-79.347,963
1459,toronto,cybersecurity,1400060550,43.6511,-79.347,963
1555,toronto,cybersecurity,1400060550,43.6511,-79.347,963
1355,toronto,cybersecurity,1400060550,43.6511,-79.347,963
1311,toronto,cybersecurity,1400060550,43.6511,-79.347,963
1447,toronto,cybersecurity,1400060550,43.6511,-79.347,963
1551,toronto,cybersecurity,1400060550,43.6511,-79.347,963
1451,toronto,cybersecurity,1400060550,43.6511,-79.347,963
1455,toronto,cybersecurity,1400060550,43.6511,-79.347,963
1351,toronto,cybersecurity,1400060550,43.6511,-79.347,963
1543,toronto,cybersecurity,1400060550,43.6511,-79.347,963
1547,toronto,cybersecurity,1400060550,43.6511,-79.347,963
1315,toronto,cybersecurity,1400060550,43.6511,-79.347,963
1463,toronto,cybersecurity,1400060550,43.6511,-79.347,963
1347,toronto,cybersecurity,1400060550,43.6511,-79.347,963
1335,toronto,cybersecurity,1400060550,43.6511,-79.347,963
1539,toronto,cybersecurity,1400060550,43.6511,-79.347,963
1777,vancouver,fintech,1158741467,49.2827,-123.1207,315
1829,vancouver,fintech,1158741467,49.2827,-123.1207,315
1821,vancouver,fintech,1158741467,49.2827,-123.1207,315
1769,vancouver,fintech,1158741467,49.2827,-123.1207,315
1801,vancouver,fintech,1158741467,49.2827,-123.1207,315
1785,vancouver,fintech,1158741467,49.2827,-123.1207,315
1781,vancouver,fintech,1158741467,49.2827,-123.1207,315
1789,vancouver,fintech,1158741467,49.2827,-123.1207,315
1809,vancouver,fintech,1158741467,49.2827,-123.1207,315
1825,vancouver,fintech,1158741467,49.2827,-123.1207,315
1817,vancouver,fintech,1158741467,49.2827,-123.1207,315
1773,vancouver,fintech,1158741467,49.2827,-123.1207,315
1813,vancouver,fintech,1158741467,49.2827,-123.1207,315
1793,vancouver,fintech,1158741467,49.2827,-123.1207,315
1805,vancouver,fintech,1158741467,49.2827,-123.1207,315
1797,vancouver,fintech,1158741467,49.2827,-123.1207,315
1725,vancouver,fintech,1158741467,49.2827,-123.1207,315
1689,vancouver,fintech,1158741467,49.2827,-123.1207,315
1733,vancouver,fintech,1158741467,49.2827,-123.1207,315
1629,vancouver,fintech,1158741467,49.2827,-123.1207,315
1685,vancouver,fintech,1158741467,49.2827,-123.1207,315
1637,vancouver,fintech,1158741467,49.2827,-123.1207,315
1721,vancouver,fintech,1158741467,49.2827,-123.1207,315
1669,vancouver,fintech,1158741467,49.2827,-123.1207,315
1717,vancouver,fintech,1158741467,49.2827,-123.1207,315
1641,vancouver,fintech,1158741467,49.2827,-123.1207,315
1657,vancouver,fintech,1158741467,49.2827,-123.1207,315
1713,vancouver,fintech,1158741467,49.2827,-123.1207,315
1765,vancouver,fintech,1158741467,49.2827,-123.1207,315
1709,vancouver,fintech,1158741467,49.2827,-123.1207,315
1645,vancouver,fintech,1158741467,49.2827,-123.1207,315
1705,vancouver,fintech,1158741467,49.2827,-123.1207,315
1649,vancouver,fintech,1158741467,49.2827,-123.1207,315
1701,vancouver,fintech,1158741467,49.2827,-123.1207,315
1693,vancouver,fintech,1158741467,49.2827,-123.1207,315
1697,vancouver,fintech,1158741467,49.2827,-123.1207,315
1729,vancouver,fintech,1158741467,49.2827,-123.1207,315
1633,vancouver,fintech,1158741467,49.2827,-123.1207,315
1609,vancouver,fintech,1158741467,49.2827,-123.1207,315
1617,vancouver,fintech,1158741467,49.2827,-123.1207,315
1673,vancouver,fintech,1158741467,49.2827,-123.1207,315
1625,vancouver,fintech,1158741467,49.2827,-123.1207,315
1761,vancouver,fintech,1158741467,49.2827,-123.1207,315
1665,vancouver,fintech,1158741467,49.2827,-123.1207,315
1757,vancouver,fintech,1158741467,49.2827,-123.1207,315
1621,vancouver,fintech,1158741467,49.2827,-123.1207,315
1753,vancouver,fintech,1158741467,49.2827,-123.1207,315
1677,vancouver,fintech,1158741467,49.2827,-123.1207,315
1749,vancouver,fintech,1158741467,49.2827,-123.1207,315
1745,vancouver,fintech,1158741467,49.2827,-123.1207,315
1681,vancouver,fintech,1158741467,49.2827,-123.1207,315
1741,vancouver,fintech,1158741467,49.2827,-123.1207,315
1613,vancouver,fintech,1158741467,49.2827,-123.1207,315
1737,vancouver,fintech,1158741467,49.2827,-123.1207,315
1661,vancouver,fintech,1158741467,49.2827,-123.1207,315
1653,vancouver,fintech,1158741467,49.2827,-123.1207,315
1654,vancouver,blockchain,1119953400,49.2827,-123.1207,315
1662,vancouver,blockchain,1119953400,49.2827,-123.1207,315
1810,vancouver,blockchain,1119953400,49.2827,-123.1207,315
1814,vancouver,blockchain,1119953400,49.2827,-123.1207,315
1658,vancouver,blockchain,1119953400,49.2827,-123.1207,315
1638,vancouver,blockchain,1119953400,49.2827,-123.1207,315
1650,vancouver,blockchain,1119953400,49.2827,-123.1207,315
1646,vancouver,blockchain,1119953400,49.2827,-123.1207,315
1818,vancouver,blockchain,1119953400,49.2827,-123.1207,315
1642,vancouver,blockchain,1119953400,49.2827,-123.1207,315
1822,vancouver,blockchain,1119953400,49.2827,-123.1207,315
1634,vancouver,blockchain,1119953400,49.2827,-123.1207,315
1610,vancouver,blockchain,1119953400,49.2827,-123.1207,315
1614,vancouver,blockchain,1119953400,49.2827,-123.1207,315
1826,vancouver,blockchain,1119953400,49.2827,-123.1207,315
1618,vancouver,blockchain,1119953400,49.2827,-123.1207,315
1622,vancouver,blockchain,1119953400,49.2827,-123.1207,315
1830,vancouver,blockchain,1119953400,49.2827,-123.1207,315
1626,vancouver,blockchain,1119953400,49.2827,-123.1207,315
1666,vancouver,blockchain,1119953400,49.2827,-123.1207,315
1766,vancouver,blockchain,1119953400,49.2827,-123.1207,315
1670,vancouver,blockchain,1119953400,49.2827,-123.1207,315
1742,vancouver,blockchain,1119953400,49.2827,-123.1207,315
1726,vancouver,blockchain,1119953400,49.2827,-123.1207,315
1730,vancouver,blockchain,1119953400,49.2827,-123.1207,315
1782,vancouver,blockchain,1119953400,49.2827,-123.1207,315
1734,vancouver,blockchain,1119953400,49.2827,-123.1207,315
1738,vancouver,blockchain,1119953400,49.2827,-123.1207,315
1778,vancouver,blockchain,1119953400,49.2827,-123.1207,315
1746,vancouver,blockchain,1119953400,49.2827,-123.1207,315
1786,vancouver,blockchain,1119953400,49.2827,-123.1207,315
1750,vancouver,blockchain,1119953400,49.2827,-123.1207,315
1774,vancouver,blockchain,1119953400,49.2827,-123.1207,315
1754,vancouver,blockchain,1119953400,49.2827,-123.1207,315
1758,vancouver,blockchain,1119953400,49.2827,-123.1207,315
1770,vancouver,blockchain,1119953400,49.2827,-123.1207,315
1762,vancouver,blockchain,1119953400,49.2827,-123.1207,315
1722,vancouver,blockchain,1119953400,49.2827,-123.1207,315
1718,vancouver,blockchain,1119953400,49.2827,-123.1207,315
1806,vancouver,blockchain,1119953400,49.2827,-123.1207,315
1798,vancouver,blockchain,1119953400,49.2827,-123.1207,315
1674,vancouver,blockchain,1119953400,49.2827,-123.1207,315
1678,vancouver,blockchain,1119953400,49.2827,-123.1207,315
1802,vancouver,blockchain,1119953400,49.2827,-123.1207,315
1682,vancouver,blockchain,1119953400,49.2827,-123.1207,315
1686,vancouver,blockchain,1119953400,49.2827,-123.1207,315
1690,vancouver,blockchain,1119953400,49.2827,-123.1207,315
1694,vancouver,blockchain,1119953400,49.2827,-123.1207,315
1714,vancouver,blockchain,1119953400,49.2827,-123.1207,315
1698,vancouver,blockchain,1119953400,49.2827,-123.1207,315
1794,vancouver,blockchain,1119953400,49.2827,-123.1207,315
1702,vancouver,blockchain,1119953400,49.2827,-123.1207,315
1706,vancouver,blockchain,1119953400,49.2827,-123.1207,315
1710,vancouver,blockchain,1119953400,49.2827,-123.1207,315
1790,vancouver,blockchain,1119953400,49.2827,-123.1207,315
1630,vancouver,blockchain,1119953400,49.2827,-123.1207,315
190,calgary,fintech,1098492650,51.0447,-114.0719,194
198,calgary,fintech,1098492650,51.0447,-114.0719,194
266,calgary,fintech,1098492650,51.0447,-114.0719,194
274,calgary,fintech,1098492650,51.0447,-114.0719,194
278,calgary,fintech,1098492650,51.0447,-114.0719,194
282,calgary,fintech,1098492650,51.0447,-114.0719,194
286,calgary,fintech,1098492650,51.0447,-114.0719,194
290,calgary,fintech,1098492650,51.0447,-114.0719,194
294,calgary,fintech,1098492650,51.0447,-114.0719,194
302,calgary,fintech,1098492650,51.0447,-114.0719,194
306,calgary,fintech,1098492650,51.0447,-114.0719,194
310,calgary,fintech,1098492650,51.0447,-114.0719,194
314,calgary,fintech,1098492650,51.0447,-114.0719,194
318,calgary,fintech,1098492650,51.0447,-114.0719,194
322,calgary,fintech,1098492650,51.0447,-114.0719,194
326,calgary,fintech,1098492650,51.0447,-114.0719,194
330,calgary,fintech,1098492650,51.0447,-114.0719,194
194,calgary,fintech,1098492650,51.0447,-114.0719,194
270,calgary,fintech,1098492650,51.0447,-114.0719,194
298,calgary,fintech,1098492650,51.0447,-114.0719,194
262,calgary,fintech,1098492650,51.0447,-114.0719,194
230,calgary,fintech,1098492650,51.0447,-114.0719,194
258,calgary,fintech,1098492650,51.0447,-114.0719,194
202,calgary,fintech,1098492650,51.0447,-114.0719,194
206,calgary,fintech,1098492650,51.0447,-114.0719,194
210,calgary,fintech,1098492650,51.0447,-114.0719,194
214,calgary,fintech,1098492650,51.0447,-114.0719,194
222,calgary,fintech,1098492650,51.0447,-114.0719,194
226,calgary,fintech,1098492650,51.0447,-114.0719,194
218,calgary,fintech,1098492650,51.0447,-114.0719,194
234,calgary,fintech,1098492650,51.0447,-114.0719,194
238,calgary,fintech,1098492650,51.0447,-114.0719,194
242,calgary,fintech,1098492650,51.0447,-114.0719,194
246,calgary,fintech,1098492650,51.0447,-114.0719,194
250,calgary,fintech,1098492650,51.0447,-114.0719,194
254,calgary,fintech,1098492650,51.0447,-114.0719,194
763,montreal,healthtech,1036607039,45.5019,-73.5674,472
735,montreal,healthtech,1036607039,45.5019,-73.5674,472
759,montreal,healthtech,1036607039,45.5019,-73.5674,472
755,montreal,healthtech,1036607039,45.5019,-73.5674,472
751,montreal,healthtech,1036607039,45.5019,-73.5674,472
747,montreal,healthtech,1036607039,45.5019,-73.5674,472
743,montreal,healthtech,1036607039,45.5019,-73.5674,472
739,montreal,healthtech,1036607039,45.5019,-73.5674,472
703,montreal,healthtech,1036607039,45.5019,-73.5674,472
731,montreal,healthtech,1036607039,45.5019,-73.5674,472
727,montreal,healthtech,1036607039,45.5019,-73.5674,472
723,montreal,healthtech,1036607039,45.5019,-73.5674,472
719,montreal,healthtech,1036607039,45.5019,-73.5674,472
715,montreal,healthtech,1036607039,45.5019,-73.5674,472
711,montreal,healthtech,1036607039,45.5019,-73.5674,472
707,montreal,healthtech,1036607039,45.5019,-73.5674,472
771,montreal,healthtech,1036607039,45.5019,-73.5674,472
767,montreal,healthtech,1036607039,45.5019,-73.5674,472
839,montreal,healthtech,1036607039,45.5019,-73.5674,472
775,montreal,healthtech,1036607039,45.5019,-73.5674,472
779,montreal,healthtech,1036607039,45.5019,-73.5674,472
691,montreal,healthtech,1036607039,45.5019,-73.5674,472
835,montreal,healthtech,1036607039,45.5019,-73.5674,472
831,montreal,healthtech,1036607039,45.5019,-73.5674,472
827,montreal,healthtech,1036607039,45.5019,-73.5674,472
823,montreal,healthtech,1036607039,45.5019,-73.5674,472
819,montreal,healthtech,1036607039,45.5019,-73.5674,472
815,montreal,healthtech,1036607039,45.5019,-73.5674,472
811,montreal,healthtech,1036607039,45.5019,-73.5674,472
807,montreal,healthtech,1036607039,45.5019,-73.5674,472
803,montreal,healthtech,1036607039,45.5019,-73.5674,472
799,montreal,healthtech,1036607039,45.5019,-73.5674,472
795,montreal,healthtech,1036607039,45.5019,-73.5674,472
791,montreal,healthtech,1036607039,45.5019,-73.5674,472
787,montreal,healthtech,1036607039,45.5019,-73.5674,472
783,montreal,healthtech,1036607039,45.5019,-73.5674,472
699,montreal,healthtech,1036607039,45.5019,-73.5674,472
695,montreal,healthtech,1036607039,45.5019,-73.5674,472
843,montreal,healthtech,1036607039,45.5019,-73.5674,472
627,montreal,healthtech,1036607039,45.5019,-73.5674,472
651,montreal,healthtech,1036607039,45.5019,-73.5674,472
655,montreal,healthtech,1036607039,45.5019,-73.5674,472
643,montreal,healthtech,1036607039,45.5019,-73.5674,472
659,montreal,healthtech,1036607039,45.5019,-73.5674,472
639,montreal,healthtech,1036607039,45.5019,-73.5674,472
663,montreal,healthtech,1036607039,45.5019,-73.5674,472
635,montreal,healthtech,1036607039,45.5019,-73.5674,472
667,montreal,healthtech,1036607039,45.5019,-73.5674,472
671,montreal,healthtech,1036607039,45.5019,-73.5674,472
631,montreal,healthtech,1036607039,45.5019,-73.5674,472
675,montreal,healthtech,1036607039,45.5019,-73.5674,472
647,montreal,healthtech,1036607039,45.5019,-73.5674,472
679,montreal,healthtech,1036607039,45.5019,-73.5674,472
619,montreal,healthtech,1036607039,45.5019,-73.5674,472
683,montreal,healthtech,1036607039,45.5019,-73.5674,472
623,montreal,healthtech,1036607039,45.5019,-73.5674,472
687,montreal,healthtech,1036607039,45.5019,-73.5674,472
824,montreal,biotech,641172523,45.5019,-73.5674,472
620,montreal,biotech,641172523,45.5019,-73.5674,472
840,montreal,biotech,641172523,45.5019,-73.5674,472
784,montreal,biotech,641172523,45.5019,-73.5674,472
644,montreal,biotech,641172523,45.5019,-73.5674,472
788,montreal,biotech,641172523,45.5019,-73.5674,472
836,montreal,biotech,641172523,45.5019,-73.5674,472
792,montreal,biotech,641172523,45.5019,-73.5674,472
640,montreal,biotech,641172523,45.5019,-73.5674,472
796,montreal,biotech,641172523,45.5019,-73.5674,472
832,montreal,biotech,641172523,45.5019,-73.5674,472
800,montreal,biotech,641172523,45.5019,-73.5674,472
820,montreal,biotech,641172523,45.5019,-73.5674,472
636,montreal,biotech,641172523,45.5019,-73.5674,472
804,montreal,biotech,641172523,45.5019,-73.5674,472
808,montreal,biotech,641172523,45.5019,-73.5674,472
632,montreal,biotech,641172523,45.5019,-73.5674,472
780,montreal,biotech,641172523,45.5019,-73.5674,472
828,montreal,biotech,641172523,45.5019,-73.5674,472
624,montreal,biotech,641172523,45.5019,-73.5674,472
816,montreal,biotech,641172523,45.5019,-73.5674,472
628,montreal,biotech,641172523,45.5019,-73.5674,472
812,montreal,biotech,641172523,45.5019,-73.5674,472
692,montreal,biotech,641172523,45.5019,-73.5674,472
648,montreal,biotech,641172523,45.5019,-73.5674,472
776,montreal,biotech,641172523,45.5019,-73.5674,472
696,montreal,biotech,641172523,45.5019,-73.5674,472
688,montreal,biotech,641172523,45.5019,-73.5674,472
700,montreal,biotech,641172523,45.5019,-73.5674,472
704,montreal,biotech,641172523,45.5019,-73.5674,472
684,montreal,biotech,641172523,45.5019,-73.5674,472
708,montreal,biotech,641172523,45.5019,-73.5674,472
680,montreal,biotech,641172523,45.5019,-73.5674,472
716,montreal,biotech,641172523,45.5019,-73.5674,472
720,montreal,biotech,641172523,45.5019,-73.5674,472
676,montreal,biotech,641172523,45.5019,-73.5674,472
724,montreal,biotech,641172523,45.5019,-73.5674,472
728,montreal,biotech,641172523,45.5019,-73.5674,472
672,montreal,biotech,641172523,45.5019,-73.5674,472
732,montreal,biotech,641172523,45.5019,-73.5674,472
736,montreal,biotech,641172523,45.5019,-73.5674,472
668,montreal,biotech,641172523,45.5019,-73.5674,472
740,montreal,biotech,641172523,45.5019,-73.5674,472
744,montreal,biotech,641172523,45.5019,-73.5674,472
664,montreal,biotech,641172523,45.5019,-73.5674,472
748,montreal,biotech,641172523,45.5019,-73.5674,472
752,montreal,biotech,641172523,45.5019,-73.5674,472
660,montreal,biotech,641172523,45.5019,-73.5674,472
756,montreal,biotech,641172523,45.5019,-73.5674,472
760,montreal,biotech,641172523,45.5019,-73.5674,472
656,montreal,biotech,641172523,45.5019,-73.5674,472
764,montreal,biotech,641172523,45.5019,-73.5674,472
844,montreal,biotech,641172523,45.5019,-73.5674,472
652,montreal,biotech,641172523,45.5019,-73.5674,472
772,montreal,biotech,641172523,45.5019,-73.5674,472
768,montreal,biotech,641172523,45.5019,-73.5674,472
712,montreal,biotech,641172523,45.5019,-73.5674,472
625,montreal,edtech,616703176,45.5019,-73.5674,472
697,montreal,edtech,616703176,45.5019,-73.5674,472
717,montreal,edtech,616703176,45.5019,-73.5674,472
817,montreal,edtech,616703176,45.5019,-73.5674,472
713,montreal,edtech,616703176,45.5019,-73.5674,472
821,montreal,edtech,616703176,45.5019,-73.5674,472
709,montreal,edtech,616703176,45.5019,-73.5674,472
705,montreal,edtech,616703176,45.5019,-73.5674,472
825,montreal,edtech,616703176,45.5019,-73.5674,472
701,montreal,edtech,616703176,45.5019,-73.5674,472
829,montreal,edtech,616703176,45.5019,-73.5674,472
693,montreal,edtech,616703176,45.5019,-73.5674,472
665,montreal,edtech,616703176,45.5019,-73.5674,472
833,montreal,edtech,616703176,45.5019,-73.5674,472
689,montreal,edtech,616703176,45.5019,-73.5674,472
837,montreal,edtech,616703176,45.5019,-73.5674,472
777,montreal,edtech,616703176,45.5019,-73.5674,472
681,montreal,edtech,616703176,45.5019,-73.5674,472
841,montreal,edtech,616703176,45.5019,-73.5674,472
677,montreal,edtech,616703176,45.5019,-73.5674,472
845,montreal,edtech,616703176,45.5019,-73.5674,472
673,montreal,edtech,616703176,45.5019,-73.5674,472
721,montreal,edtech,616703176,45.5019,-73.5674,472
813,montreal,edtech,616703176,45.5019,-73.5674,472
725,montreal,edtech,616703176,45.5019,-73.5674,472
809,montreal,edtech,616703176,45.5019,-73.5674,472
773,montreal,edtech,616703176,45.5019,-73.5674,472
781,montreal,edtech,616703176,45.5019,-73.5674,472
769,montreal,edtech,616703176,45.5019,-73.5674,472
765,montreal,edtech,616703176,45.5019,-73.5674,472
785,montreal,edtech,616703176,45.5019,-73.5674,472
761,montreal,edtech,616703176,45.5019,-73.5674,472
789,montreal,edtech,616703176,45.5019,-73.5674,472
757,montreal,edtech,616703176,45.5019,-73.5674,472
753,montreal,edtech,616703176,45.5019,-73.5674,472
793,montreal,edtech,616703176,45.5019,-73.5674,472
749,montreal,edtech,616703176,45.5019,-73.5674,472
797,montreal,edtech,616703176,45.5019,-73.5674,472
745,montreal,edtech,616703176,45.5019,-73.5674,472
741,montreal,edtech,616703176,45.5019,-73.5674,472
801,montreal,edtech,616703176,45.5019,-73.5674,472
737,montreal,edtech,616703176,45.5019,-73.5674,472
805,montreal,edtech,616703176,45.5019,-73.5674,472
733,montreal,edtech,616703176,45.5019,-73.5674,472
729,montreal,edtech,616703176,45.5019,-73.5674,472
669,montreal,edtech,616703176,45.5019,-73.5674,472
685,montreal,edtech,616703176,45.5019,-73.5674,472
633,montreal,edtech,616703176,45.5019,-73.5674,472
657,montreal,edtech,616703176,45.5019,-73.5674,472
637,montreal,edtech,616703176,45.5019,-73.5674,472
645,montreal,edtech,616703176,45.5019,-73.5674,472
629,montreal,edtech,616703176,45.5019,-73.5674,472
621,montreal,edtech,616703176,45.5019,-73.5674,472
649,montreal,edtech,616703176,45.5019,-73.5674,472
641,montreal,edtech,616703176,45.5019,-73.5674,472
653,montreal,edtech,616703176,45.5019,-73.5674,472
661,montreal,edtech,616703176,45.5019,-73.5674,472
986,ottawa,saas,572232679,45.4235,-75.6979,91
970,ottawa,saas,572232679,45.4235,-75.6979,91
946,ottawa,saas,572232679,45.4235,-75.6979,91
1014,ottawa,saas,572232679,45.4235,-75.6979,91
974,ottawa,saas,572232679,45.4235,-75.6979,91
950,ottawa,saas,572232679,45.4235,-75.6979,91
978,ottawa,saas,572232679,45.4235,-75.6979,91
954,ottawa,saas,572232679,45.4235,-75.6979,91
1010,ottawa,saas,572232679,45.4235,-75.6979,91
990,ottawa,saas,572232679,45.4235,-75.6979,91
982,ottawa,saas,572232679,45.4235,-75.6979,91
958,ottawa,saas,572232679,45.4235,-75.6979,91
1006,ottawa,saas,572232679,45.4235,-75.6979,91
1002,ottawa,saas,572232679,45.4235,-75.6979,91
966,ottawa,saas,572232679,45.4235,-75.6979,91
998,ottawa,saas,572232679,45.4235,-75.6979,91
962,ottawa,saas,572232679,45.4235,-75.6979,91
994,ottawa,saas,572232679,45.4235,-75.6979,91
1018,ottawa,saas,572232679,45.4235,-75.6979,91
926,ottawa,saas,572232679,45.4235,-75.6979,91
942,ottawa,saas,572232679,45.4235,-75.6979,91
1022,ottawa,saas,572232679,45.4235,-75.6979,91
922,ottawa,saas,572232679,45.4235,-75.6979,91
934,ottawa,saas,572232679,45.4235,-75.6979,91
930,ottawa,saas,572232679,45.4235,-75.6979,91
938,ottawa,saas,572232679,45.4235,-75.6979,91
706,montreal,fintech,541906048,45.5019,-73.5674,472
678,montreal,fintech,541906048,45.5019,-73.5674,472
686,montreal,fintech,541906048,45.5019,-73.5674,472
750,montreal,fintech,541906048,45.5019,-73.5674,472
682,montreal,fintech,541906048,45.5019,-73.5674,472
754,montreal,fintech,541906048,45.5019,-73.5674,472
654,montreal,fintech,541906048,45.5019,-73.5674,472
658,montreal,fintech,541906048,45.5019,-73.5674,472
758,montreal,fintech,541906048,45.5019,-73.5674,472
650,montreal,fintech,541906048,45.5019,-73.5674,472
762,montreal,fintech,541906048,45.5019,-73.5674,472
674,montreal,fintech,541906048,45.5019,-73.5674,472
766,montreal,fintech,541906048,45.5019,-73.5674,472
670,montreal,fintech,541906048,45.5019,-73.5674,472
770,montreal,fintech,541906048,45.5019,-73.5674,472
662,montreal,fintech,541906048,45.5019,-73.5674,472
746,montreal,fintech,541906048,45.5019,-73.5674,472
742,montreal,fintech,541906048,45.5019,-73.5674,472
690,montreal,fintech,541906048,45.5019,-73.5674,472
710,montreal,fintech,541906048,45.5019,-73.5674,472
714,montreal,fintech,541906048,45.5019,-73.5674,472
642,montreal,fintech,541906048,45.5019,-73.5674,472
634,montreal,fintech,541906048,45.5019,-73.5674,472
718,montreal,fintech,541906048,45.5019,-73.5674,472
666,montreal,fintech,541906048,45.5019,-73.5674,472
702,montreal,fintech,541906048,45.5019,-73.5674,472
722,montreal,fintech,541906048,45.5019,-73.5674,472
698,montreal,fintech,541906048,45.5019,-73.5674,472
726,montreal,fintech,541906048,45.5019,-73.5674,472
630,montreal,fintech,541906048,45.5019,-73.5674,472
646,montreal,fintech,541906048,45.5019,-73.5674,472
730,montreal,fintech,541906048,45.5019,-73.5674,472
626,montreal,fintech,541906048,45.5019,-73.5674,472
734,montreal,fintech,541906048,45.5019,-73.5674,472
694,montreal,fintech,541906048,45.5019,-73.5674,472
738,montreal,fintech,541906048,45.5019,-73.5674,472
622,montreal,fintech,541906048,45.5019,-73.5674,472
774,montreal,fintech,541906048,45.5019,-73.5674,472
638,montreal,fintech,541906048,45.5019,-73.5674,472
822,montreal,fintech,541906048,45.5019,-73.5674,472
838,montreal,fintech,541906048,45.5019,-73.5674,472
806,montreal,fintech,541906048,45.5019,-73.5674,472
814,montreal,fintech,541906048,45.5019,-73.5674,472
802,montreal,fintech,541906048,45.5019,-73.5674,472
818,montreal,fintech,541906048,45.5019,-73.5674,472
798,montreal,fintech,541906048,45.5019,-73.5674,472
826,montreal,fintech,541906048,45.5019,-73.5674,472
794,montreal,fintech,541906048,45.5019,-73.5674,472
830,montreal,fintech,541906048,45.5019,-73.5674,472
790,montreal,fintech,541906048,45.5019,-73.5674,472
834,montreal,fintech,541906048,45.5019,-73.5674,472
786,montreal,fintech,541906048,45.5019,-73.5674,472
810,montreal,fintech,541906048,45.5019,-73.5674,472
846,montreal,fintech,541906048,45.5019,-73.5674,472
782,montreal,fintech,541906048,45.5019,-73.5674,472
778,montreal,fintech,541906048,45.5019,-73.5674,472
842,montreal,fintech,541906048,45.5019,-73.5674,472
1827,vancouver,biotech,429984646,49.2827,-123.1207,315
1687,vancouver,biotech,429984646,49.2827,-123.1207,315
1823,vancouver,biotech,429984646,49.2827,-123.1207,315
1615,vancouver,biotech,429984646,49.2827,-123.1207,315
1691,vancouver,biotech,429984646,49.2827,-123.1207,315
1695,vancouver,biotech,429984646,49.2827,-123.1207,315
1679,vancouver,biotech,429984646,49.2827,-123.1207,315
1699,vancouver,biotech,429984646,49.2827,-123.1207,315
1703,vancouver,biotech,429984646,49.2827,-123.1207,315
1611,vancouver,biotech,429984646,49.2827,-123.1207,315
1707,vancouver,biotech,429984646,49.2827,-123.1207,315
1711,vancouver,biotech,429984646,49.2827,-123.1207,315
1715,vancouver,biotech,429984646,49.2827,-123.1207,315
1683,vancouver,biotech,429984646,49.2827,-123.1207,315
1619,vancouver,biotech,429984646,49.2827,-123.1207,315
1635,vancouver,biotech,429984646,49.2827,-123.1207,315
1675,vancouver,biotech,429984646,49.2827,-123.1207,315
1671,vancouver,biotech,429984646,49.2827,-123.1207,315
1667,vancouver,biotech,429984646,49.2827,-123.1207,315
1663,vancouver,biotech,429984646,49.2827,-123.1207,315
1719,vancouver,biotech,429984646,49.2827,-123.1207,315
1627,vancouver,biotech,429984646,49.2827,-123.1207,315
1655,vancouver,biotech,429984646,49.2827,-123.1207,315
1651,vancouver,biotech,429984646,49.2827,-123.1207,315
1647,vancouver,biotech,429984646,49.2827,-123.1207,315
1831,vancouver,biotech,429984646,49.2827,-123.1207,315
1631,vancouver,biotech,429984646,49.2827,-123.1207,315
1643,vancouver,biotech,429984646,49.2827,-123.1207,315
1639,vancouver,biotech,429984646,49.2827,-123.1207,315
1659,vancouver,biotech,429984646,49.2827,-123.1207,315
1623,vancouver,biotech,429984646,49.2827,-123.1207,315
1763,vancouver,biotech,429984646,49.2827,-123.1207,315
1747,vancouver,biotech,429984646,49.2827,-123.1207,315
1819,vancouver,biotech,429984646,49.2827,-123.1207,315
1767,vancouver,biotech,429984646,49.2827,-123.1207,315
1815,vancouver,biotech,429984646,49.2827,-123.1207,315
1803,vancouver,biotech,429984646,49.2827,-123.1207,315
1759,vancouver,biotech,429984646,49.2827,-123.1207,315
1811,vancouver,biotech,429984646,49.2827,-123.1207,315
1755,vancouver,biotech,429984646,49.2827,-123.1207,315
1751,vancouver,biotech,429984646,49.2827,-123.1207,315
1775,vancouver,biotech,429984646,49.2827,-123.1207,315
1779,vancouver,biotech,429984646,49.2827,-123.1207,315
1783,vancouver,biotech,429984646,49.2827,-123.1207,315
1787,vancouver,biotech,429984646,49.2827,-123.1207,315
1743,vancouver,biotech,429984646,49.2827,-123.1207,315
1791,vancouver,biotech,429984646,49.2827,-123.1207,315
1807,vancouver,biotech,429984646,49.2827,-123.1207,315
1795,vancouver,biotech,429984646,49.2827,-123.1207,315
1739,vancouver,biotech,429984646,49.2827,-123.1207,315
1723,vancouver,biotech,429984646,49.2827,-123.1207,315
1799,vancouver,biotech,429984646,49.2827,-123.1207,315
1735,vancouver,biotech,429984646,49.2827,-123.1207,315
1731,vancouver,biotech,429984646,49.2827,-123.1207,315
1727,vancouver,biotech,429984646,49.2827,-123.1207,315
1771,vancouver,biotech,429984646,49.2827,-123.1207,315
2013,waterloo,saas,422651297,43.4643,-80.5204,158
1905,waterloo,saas,422651297,43.4643,-80.5204,158
1989,waterloo,saas,422651297,43.4643,-80.5204,158
1909,waterloo,saas,422651297,43.4643,-80.5204,158
2053,waterloo,saas,422651297,43.4643,-80.5204,158
1933,waterloo,saas,422651297,43.4643,-80.5204,158
1913,waterloo,saas,422651297,43.4643,-80.5204,158
1917,waterloo,saas,422651297,43.4643,-80.5204,158
1921,waterloo,saas,422651297,43.4643,-80.5204,158
1937,waterloo,saas,422651297,43.4643,-80.5204,158
1925,waterloo,saas,422651297,43.4643,-80.5204,158
1929,waterloo,saas,422651297,43.4643,-80.5204,158
2017,waterloo,saas,422651297,43.4643,-80.5204,158
1941,waterloo,saas,422651297,43.4643,-80.5204,158
2029,waterloo,saas,422651297,43.4643,-80.5204,158
1957,waterloo,saas,422651297,43.4643,-80.5204,158
1953,waterloo,saas,422651297,43.4643,-80.5204,158
2025,waterloo,saas,422651297,43.4643,-80.5204,158
1945,waterloo,saas,422651297,43.4643,-80.5204,158
2021,waterloo,saas,422651297,43.4643,-80.5204,158
1901,waterloo,saas,422651297,43.4643,-80.5204,158
1969,waterloo,saas,422651297,43.4643,-80.5204,158
1997,waterloo,saas,422651297,43.4643,-80.5204,158
1977,waterloo,saas,422651297,43.4643,-80.5204,158
2037,waterloo,saas,422651297,43.4643,-80.5204,158
2005,waterloo,saas,422651297,43.4643,-80.5204,158
2049,waterloo,saas,422651297,43.4643,-80.5204,158
1981,waterloo,saas,422651297,43.4643,-80.5204,158
2001,waterloo,saas,422651297,43.4643,-80.5204,158
1961,waterloo,saas,422651297,43.4643,-80.5204,158
1993,waterloo,saas,422651297,43.4643,-80.5204,158
2045,waterloo,saas,422651297,43.4643,-80.5204,158
1965,waterloo,saas,422651297,43.4643,-80.5204,158
2033,waterloo,saas,422651297,43.4643,-80.5204,158
2041,waterloo,saas,422651297,43.4643,-80.5204,158
1973,waterloo,saas,422651297,43.4643,-80.5204,158
2009,waterloo,saas,422651297,43.4643,-80.5204,158
1985,waterloo,saas,422651297,43.4643,-80.5204,158
1949,waterloo,saas,422651297,43.4643,-80.5204,158
1958,waterloo,edtech,405018280,43.4643,-80.5204,158
2046,waterloo,edtech,405018280,43.4643,-80.5204,158
2054,waterloo,edtech,405018280,43.4643,-80.5204,158
1954,waterloo,edtech,405018280,43.4643,-80.5204,158
2026,waterloo,edtech,405018280,43.4643,-80.5204,158
1950,waterloo,edtech,405018280,43.4643,-80.5204,158
2038,waterloo,edtech,405018280,43.4643,-80.5204,158
1922,waterloo,edtech,405018280,43.4643,-80.5204,158
2030,waterloo,edtech,405018280,43.4643,-80.5204,158
1930,waterloo,edtech,405018280,43.4643,-80.5204,158
1926,waterloo,edtech,405018280,43.4643,-80.5204,158
1962,waterloo,edtech,405018280,43.4643,-80.5204,158
1902,waterloo,edtech,405018280,43.4643,-80.5204,158
1918,waterloo,edtech,405018280,43.4643,-80.5204,158
1914,waterloo,edtech,405018280,43.4643,-80.5204,158
1910,waterloo,edtech,405018280,43.4643,-80.5204,158
1966,waterloo,edtech,405018280,43.4643,-80.5204,158
2034,waterloo,edtech,405018280,43.4643,-80.5204,158
2050,waterloo,edtech,405018280,43.4643,-80.5204,158
1906,waterloo,edtech,405018280,43.4643,-80.5204,158
2042,waterloo,edtech,405018280,43.4643,-80.5204,158
1970,waterloo,edtech,405018280,43.4643,-80.5204,158
1974,waterloo,edtech,405018280,43.4643,-80.5204,158
1990,waterloo,edtech,405018280,43.4643,-80.5204,158
1994,waterloo,edtech,405018280,43.4643,-80.5204,158
1982,waterloo,edtech,405018280,43.4643,-80.5204,158
1998,waterloo,edtech,405018280,43.4643,-80.5204,158
2014,waterloo,edtech,405018280,43.4643,-80.5204,158
1934,waterloo,edtech,405018280,43.4643,-80.5204,158
1942,waterloo,edtech,405018280,43.4643,-80.5204,158
2018,waterloo,edtech,405018280,43.4643,-80.5204,158
1978,waterloo,edtech,405018280,43.4643,-80.5204,158
1986,waterloo,edtech,405018280,43.4643,-80.5204,158
2002,waterloo,edtech,405018280,43.4643,-80.5204,158
1938,waterloo,edtech,405018280,43.4643,-80.5204,158
2022,waterloo,edtech,405018280,43.4643,-80.5204,158
1946,waterloo,edtech,405018280,43.4643,-80.5204,158
2006,waterloo,edtech,405018280,43.4643,-80.5204,158
2010,waterloo,edtech,405018280,43.4643,-80.5204,158
1117,quebec,hardware,381795940,46.8131,-71.2075,52
1037,quebec,hardware,381795940,46.8131,-71.2075,52
1053,quebec,hardware,381795940,46.8131,-71.2075,52
1073,quebec,hardware,381795940,46.8131,-71.2075,52
1105,quebec,hardware,381795940,46.8131,-71.2075,52
1069,quebec,hardware,381795940,46.8131,-71.2075,52
1113,quebec,hardware,381795940,46.8131,-71.2075,52
1109,quebec,hardware,381795940,46.8131,-71.2075,52
1125,quebec,hardware,381795940,46.8131,-71.2075,52
1121,quebec,hardware,381795940,46.8131,-71.2075,52
1057,quebec,hardware,381795940,46.8131,-71.2075,52
1065,quebec,hardware,381795940,46.8131,-71.2075,52
1077,quebec,hardware,381795940,46.8131,-71.2075,52
1049,quebec,hardware,381795940,46.8131,-71.2075,52
1045,quebec,hardware,381795940,46.8131,-71.2075,52
1041,quebec,hardware,381795940,46.8131,-71.2075,52
1061,quebec,hardware,381795940,46.8131,-71.2075,52
1101,quebec,hardware,381795940,46.8131,-71.2075,52
1097,quebec,hardware,381795940,46.8131,-71.2075,52
1033,quebec,hardware,381795940,46.8131,-71.2075,52
1085,quebec,hardware,381795940,46.8131,-71.2075,52
1093,quebec,hardware,381795940,46.8131,-71.2075,52
1081,quebec,hardware,381795940,46.8131,-71.2075,52
1089,quebec,hardware,381795940,46.8131,-71.2075,52
307,calgary,cleantech,331431505,51.0447,-114.0719,194
215,calgary,cleantech,331431505,51.0447,-114.0719,194
291,calgary,cleantech,331431505,51.0447,-114.0719,194
295,calgary,cleantech,331431505,51.0447,-114.0719,194
211,calgary,cleantech,331431505,51.0447,-114.0719,194
299,calgary,cleantech,331431505,51.0447,-114.0719,194
191,calgary,cleantech,331431505,51.0447,-114.0719,194
303,calgary,cleantech,331431505,51.0447,-114.0719,194
243,calgary,cleantech,331431505,51.0447,-114.0719,194
195,calgary,cleantech,331431505,51.0447,-114.0719,194
283,calgary,cleantech,331431505,51.0447,-114.0719,194
207,calgary,cleantech,331431505,51.0447,-114.0719,194
203,calgary,cleantech,331431505,51.0447,-114.0719,194
331,calgary,cleantech,331431505,51.0447,-114.0719,194
315,calgary,cleantech,331431505,51.0447,-114.0719,194
319,calgary,cleantech,331431505,51.0447,-114.0719,194
199,calgary,cleantech,331431505,51.0447,-114.0719,194
327,calgary,cleantech,331431505,51.0447,-114.0719,194
323,calgary,cleantech,331431505,51.0447,-114.0719,194
311,calgary,cleantech,331431505,51.0447,-114.0719,194
287,calgary,cleantech,331431505,51.0447,-114.0719,194
219,calgary,cleantech,331431505,51.0447,-114.0719,194
227,calgary,cleantech,331431505,51.0447,-114.0719,194
247,calgary,cleantech,331431505,51.0447,-114.0719,194
251,calgary,cleantech,331431505,51.0447,-114.0719,194
239,calgary,cleantech,331431505,51.0447,-114.0719,194
255,calgary,cleantech,331431505,51.0447,-114.0719,194
235,calgary,cleantech,331431505,51.0447,-114.0719,194
259,calgary,cleantech,331431505,51.0447,-114.0719,194
231,calgary,cleantech,331431505,51.0447,-114.0719,194
267,calgary,cleantech,331431505,51.0447,-114.0719,194
271,calgary,cleantech,331431505,51.0447,-114.0719,194
263,calgary,cleantech,331431505,51.0447,-114.0719,194
223,calgary,cleantech,331431505,51.0447,-114.0719,194
279,calgary,cleantech,331431505,51.0447,-114.0719,194
275,calgary,cleantech,331431505,51.0447,-114.0719,194
2003,waterloo,ai,310915841,43.4643,-80.5204,158
1991,waterloo,ai,310915841,43.4643,-80.5204,158
1995,waterloo,ai,310915841,43.4643,-80.5204,158
2047,waterloo,ai,310915841,43.4643,-80.5204,158
1999,waterloo,ai,310915841,43.4643,-80.5204,158
1983,waterloo,ai,310915841,43.4643,-80.5204,158
2043,waterloo,ai,310915841,43.4643,-80.5204,158
2039,waterloo,ai,310915841,43.4643,-80.5204,158
2035,waterloo,ai,310915841,43.4643,-80.5204,158
1979,waterloo,ai,310915841,43.4643,-80.5204,158
2007,waterloo,ai,310915841,43.4643,-80.5204,158
2055,waterloo,ai,310915841,43.4643,-80.5204,158
1975,waterloo,ai,310915841,43.4643,-80.5204,158
1963,waterloo,ai,310915841,43.4643,-80.5204,158
1947,waterloo,ai,310915841,43.4643,-80.5204,158
1967,waterloo,ai,310915841,43.4643,-80.5204,158
2051,waterloo,ai,310915841,43.4643,-80.5204,158
1987,waterloo,ai,310915841,43.4643,-80.5204,158
1911,waterloo,ai,310915841,43.4643,-80.5204,158
1943,waterloo,ai,310915841,43.4643,-80.5204,158
1927,waterloo,ai,310915841,43.4643,-80.5204,158
1971,waterloo,ai,310915841,43.4643,-80.5204,158
1931,waterloo,ai,310915841,43.4643,-80.5204,158
2031,waterloo,ai,310915841,43.4643,-80.5204,158
1959,waterloo,ai,310915841,43.4643,-80.5204,158
2011,waterloo,ai,310915841,43.4643,-80.5204,158
2019,waterloo,ai,310915841,43.4643,-80.5204,158
1923,waterloo,ai,310915841,43.4643,-80.5204,158
1903,waterloo,ai,310915841,43.4643,-80.5204,158
2027,waterloo,ai,310915841,43.4643,-80.5204,158
1955,waterloo,ai,310915841,43.4643,-80.5204,158
1919,waterloo,ai,310915841,43.4643,-80.5204,158
2015,waterloo,ai,310915841,43.4643,-80.5204,158
1939,waterloo,ai,310915841,43.4643,-80.5204,158
1935,waterloo,ai,310915841,43.4643,-80.5204,158
2023,waterloo,ai,310915841,43.4643,-80.5204,158
1951,waterloo,ai,310915841,43.4643,-80.5204,158
1907,waterloo,ai,310915841,43.4643,-80.5204,158
1915,waterloo,ai,310915841,43.4643,-80.5204,158
192,calgary,robotics,194172500,51.0447,-114.0719,194
236,calgary,robotics,194172500,51.0447,-114.0719,194
292,calgary,robotics,194172500,51.0447,-114.0719,194
264,calgary,robotics,194172500,51.0447,-114.0719,194
272,calgary,robotics,194172500,51.0447,-114.0719,194
260,calgary,robotics,194172500,51.0447,-114.0719,194
280,calgary,robotics,194172500,51.0447,-114.0719,194
240,calgary,robotics,194172500,51.0447,-114.0719,194
248,calgary,robotics,194172500,51.0447,-114.0719,194
276,calgary,robotics,194172500,51.0447,-114.0719,194
244,calgary,robotics,194172500,51.0447,-114.0719,194
284,calgary,robotics,194172500,51.0447,-114.0719,194
256,calgary,robotics,194172500,51.0447,-114.0719,194
296,calgary,robotics,194172500,51.0447,-114.0719,194
252,calgary,robotics,194172500,51.0447,-114.0719,194
288,calgary,robotics,194172500,51.0447,-114.0719,194
324,calgary,robotics,194172500,51.0447,-114.0719,194
268,calgary,robotics,194172500,51.0447,-114.0719,194
308,calgary,robotics,194172500,51.0447,-114.0719,194
328,calgary,robotics,194172500,51.0447,-114.0719,194
200,calgary,robotics,194172500,51.0447,-114.0719,194
320,calgary,robotics,194172500,51.0447,-114.0719,194
204,calgary,robotics,194172500,51.0447,-114.0719,194
208,calgary,robotics,194172500,51.0447,-114.0719,194
316,calgary,robotics,194172500,51.0447,-114.0719,194
332,calgary,robotics,194172500,51.0447,-114.0719,194
212,calgary,robotics,194172500,51.0447,-114.0719,194
216,calgary,robotics,194172500,51.0447,-114.0719,194
196,calgary,robotics,194172500,51.0447,-114.0719,194
312,calgary,robotics,194172500,51.0447,-114.0719,194
232,calgary,robotics,194172500,51.0447,-114.0719,194
224,calgary,robotics,194172500,51.0447,-114.0719,194
228,calgary,robotics,194172500,51.0447,-114.0719,194
304,calgary,robotics,194172500,51.0447,-114.0719,194
300,calgary,robotics,194172500,51.0447,-114.0719,194
220,calgary,robotics,194172500,51.0447,-114.0719,194
265,calgary,software development,181200000,51.0447,-114.0719,194
233,calgary,software development,181200000,51.0447,-114.0719,194
325,calgary,software development,181200000,51.0447,-114.0719,194
201,calgary,software development,181200000,51.0447,-114.0719,194
225,calgary,software development,181200000,51.0447,-114.0719,194
205,calgary,software development,181200000,51.0447,-114.0719,194
217,calgary,software development,181200000,51.0447,-114.0719,194
257,calgary,software development,181200000,51.0447,-114.0719,194
253,calgary,software development,181200000,51.0447,-114.0719,194
209,calgary,software development,181200000,51.0447,-114.0719,194
241,calgary,software development,181200000,51.0447,-114.0719,194
249,calgary,software development,181200000,51.0447,-114.0719,194
229,calgary,software development,181200000,51.0447,-114.0719,194
213,calgary,software development,181200000,51.0447,-114.0719,194
221,calgary,software development,181200000,51.0447,-114.0719,194
245,calgary,software development,181200000,51.0447,-114.0719,194
237,calgary,software development,181200000,51.0447,-114.0719,194
261,calgary,software development,181200000,51.0447,-114.0719,194
269,calgary,software development,181200000,51.0447,-114.0719,194
293,calgary,software development,181200000,51.0447,-114.0719,194
197,calgary,software development,181200000,51.0447,-114.0719,194
313,calgary,software development,181200000,51.0447,-114.0719,194
277,calgary,software development,181200000,51.0447,-114.0719,194
333,calgary,software development,181200000,51.0447,-114.0719,194
305,calgary,software development,181200000,51.0447,-114.0719,194
273,calgary,software development,181200000,51.0447,-114.0719,194
317,calgary,software development,181200000,51.0447,-114.0719,194
285,calgary,software development,181200000,51.0447,-114.0719,194
193,calgary,software development,181200000,51.0447,-114.0719,194
329,calgary,software development,181200000,51.0447,-114.0719,194
297,calgary,software development,181200000,51.0447,-114.0719,194
301,calgary,software development,181200000,51.0447,-114.0719,194
289,calgary,software development,181200000,51.0447,-114.0719,194
321,calgary,software development,181200000,51.0447,-114.0719,194
281,calgary,software development,181200000,51.0447,-114.0719,194
309,calgary,software development,181200000,51.0447,-114.0719,194
1992,waterloo,robotics,181110140,43.4643,-80.5204,158
1940,waterloo,robotics,181110140,43.4643,-80.5204,158
1960,waterloo,robotics,181110140,43.4643,-80.5204,158
2052,waterloo,robotics,181110140,43.4643,-80.5204,158
1980,waterloo,robotics,181110140,43.4643,-80.5204,158
1928,waterloo,robotics,181110140,43.4643,-80.5204,158
2004,waterloo,robotics,181110140,43.4643,-80.5204,158
2028,waterloo,robotics,181110140,43.4643,-80.5204,158
1976,waterloo,robotics,181110140,43.4643,-80.5204,158
1932,waterloo,robotics,181110140,43.4643,-80.5204,158
1956,waterloo,robotics,181110140,43.4643,-80.5204,158
2036,waterloo,robotics,181110140,43.4643,-80.5204,158
1944,waterloo,robotics,181110140,43.4643,-80.5204,158
2032,waterloo,robotics,181110140,43.4643,-80.5204,158
1952,waterloo,robotics,181110140,43.4643,-80.5204,158
1968,waterloo,robotics,181110140,43.4643,-80.5204,158
2020,waterloo,robotics,181110140,43.4643,-80.5204,158
2056,waterloo,robotics,181110140,43.4643,-80.5204,158
2024,waterloo,robotics,181110140,43.4643,-80.5204,158
2008,waterloo,robotics,181110140,43.4643,-80.5204,158
1984,waterloo,robotics,181110140,43.4643,-80.5204,158
1972,waterloo,robotics,181110140,43.4643,-80.5204,158
2012,waterloo,robotics,181110140,43.4643,-80.5204,158
2048,waterloo,robotics,181110140,43.4643,-80.5204,158
1912,waterloo,robotics,181110140,43.4643,-80.5204,158
2044,waterloo,robotics,181110140,43.4643,-80.5204,158
1964,waterloo,robotics,181110140,43.4643,-80.5204,158
1908,waterloo,robotics,181110140,43.4643,-80.5204,158
1916,waterloo,robotics,181110140,43.4643,-80.5204,158
2000,waterloo,robotics,181110140,43.4643,-80.5204,158
1936,waterloo,robotics,181110140,43.4643,-80.5204,158
1996,waterloo,robotics,181110140,43.4643,-80.5204,158
1920,waterloo,robotics,181110140,43.4643,-80.5204,158
1904,waterloo,robotics,181110140,43.4643,-80.5204,158
1948,waterloo,robotics,181110140,43.4643,-80.5204,158
1988,waterloo,robotics,181110140,43.4643,-80.5204,158
2040,waterloo,robotics,181110140,43.4643,-80.5204,158
2016,waterloo,robotics,181110140,43.4643,-80.5204,158
1924,waterloo,robotics,181110140,43.4643,-80.5204,158
1050,quebec,cleantech,157500000,46.8131,-71.2075,52
1042,quebec,cleantech,157500000,46.8131,-71.2075,52
1038,quebec,cleantech,157500000,46.8131,-71.2075,52
1094,quebec,cleantech,157500000,46.8131,-71.2075,52
1126,quebec,cleantech,157500000,46.8131,-71.2075,52
1078,quebec,cleantech,157500000,46.8131,-71.2075,52
1090,quebec,cleantech,157500000,46.8131,-71.2075,52
1098,quebec,cleantech,157500000,46.8131,-71.2075,52
1074,quebec,cleantech,157500000,46.8131,-71.2075,52
1070,quebec,cleantech,157500000,46.8131,-71.2075,52
1086,quebec,cleantech,157500000,46.8131,-71.2075,52
1118,quebec,cleantech,157500000,46.8131,-71.2075,52
1106,quebec,cleantech,157500000,46.8131,-71.2075,52
1062,quebec,cleantech,157500000,46.8131,-71.2075,52
1058,quebec,cleantech,157500000,46.8131,-71.2075,52
1066,quebec,cleantech,157500000,46.8131,-71.2075,52
1122,quebec,cleantech,157500000,46.8131,-71.2075,52
1082,quebec,cleantech,157500000,46.8131,-71.2075,52
1114,quebec,cleantech,157500000,46.8131,-71.2075,52
1034,quebec,cleantech,157500000,46.8131,-71.2075,52
1046,quebec,cleantech,157500000,46.8131,-71.2075,52
1102,quebec,cleantech,157500000,46.8131,-71.2075,52
1110,quebec,cleantech,157500000,46.8131,-71.2075,52
1054,quebec,cleantech,157500000,46.8131,-71.2075,52
404,edmonton,saas,140961500,53.5461,-113.4937,28
388,edmonton,saas,140961500,53.5461,-113.4937,28
396,edmonton,saas,140961500,53.5461,-113.4937,28
392,edmonton,saas,140961500,53.5461,-113.4937,28
384,edmonton,saas,140961500,53.5461,-113.4937,28
364,edmonton,saas,140961500,53.5461,-113.4937,28
372,edmonton,saas,140961500,53.5461,-113.4937,28
368,edmonton,saas,140961500,53.5461,-113.4937,28
376,edmonton,saas,140961500,53.5461,-113.4937,28
412,edmonton,saas,140961500,53.5461,-113.4937,28
400,edmonton,saas,140961500,53.5461,-113.4937,28
380,edmonton,saas,140961500,53.5461,-113.4937,28
408,edmonton,saas,140961500,53.5461,-113.4937,28
971,ottawa,analytics,123780120,45.4235,-75.6979,91
955,ottawa,analytics,123780120,45.4235,-75.6979,91
987,ottawa,analytics,123780120,45.4235,-75.6979,91
1011,ottawa,analytics,123780120,45.4235,-75.6979,91
959,ottawa,analytics,123780120,45.4235,-75.6979,91
1007,ottawa,analytics,123780120,45.4235,-75.6979,91
947,ottawa,analytics,123780120,45.4235,-75.6979,91
923,ottawa,analytics,123780120,45.4235,-75.6979,91
1003,ottawa,analytics,123780120,45.4235,-75.6979,91
999,ottawa,analytics,123780120,45.4235,-75.6979,91
963,ottawa,analytics,123780120,45.4235,-75.6979,91
927,ottawa,analytics,123780120,45.4235,-75.6979,91
995,ottawa,analytics,123780120,45.4235,-75.6979,91
931,ottawa,analytics,123780120,45.4235,-75.6979,91
1015,ottawa,analytics,123780120,45.4235,-75.6979,91
991,ottawa,analytics,123780120,45.4235,-75.6979,91
967,ottawa,analytics,123780120,45.4235,-75.6979,91
975,ottawa,analytics,123780120,45.4235,-75.6979,91
935,ottawa,analytics,123780120,45.4235,-75.6979,91
983,ottawa,analytics,123780120,45.4235,-75.6979,91
1023,ottawa,analytics,123780120,45.4235,-75.6979,91
951,ottawa,analytics,123780120,45.4235,-75.6979,91
979,ottawa,analytics,123780120,45.4235,-75.6979,91
939,ottawa,analytics,123780120,45.4235,-75.6979,91
943,ottawa,analytics,123780120,45.4235,-75.6979,91
1019,ottawa,analytics,123780120,45.4235,-75.6979,91
956,ottawa,fintech,119367443,45.4235,-75.6979,91
944,ottawa,fintech,119367443,45.4235,-75.6979,91
972,ottawa,fintech,119367443,45.4235,-75.6979,91
1020,ottawa,fintech,119367443,45.4235,-75.6979,91
940,ottawa,fintech,119367443,45.4235,-75.6979,91
924,ottawa,fintech,119367443,45.4235,-75.6979,91
952,ottawa,fintech,119367443,45.4235,-75.6979,91
936,ottawa,fintech,119367443,45.4235,-75.6979,91
928,ottawa,fintech,119367443,45.4235,-75.6979,91
932,ottawa,fintech,119367443,45.4235,-75.6979,91
1016,ottawa,fintech,119367443,45.4235,-75.6979,91
960,ottawa,fintech,119367443,45.4235,-75.6979,91
948,ottawa,fintech,119367443,45.4235,-75.6979,91
976,ottawa,fintech,119367443,45.4235,-75.6979,91
1008,ottawa,fintech,119367443,45.4235,-75.6979,91
1004,ottawa,fintech,119367443,45.4235,-75.6979,91
1024,ottawa,fintech,119367443,45.4235,-75.6979,91
1000,ottawa,fintech,119367443,45.4235,-75.6979,91
996,ottawa,fintech,119367443,45.4235,-75.6979,91
964,ottawa,fintech,119367443,45.4235,-75.6979,91
992,ottawa,fintech,119367443,45.4235,-75.6979,91
1012,ottawa,fintech,119367443,45.4235,-75.6979,91
988,ottawa,fintech,119367443,45.4235,-75.6979,91
984,ottawa,fintech,119367443,45.4235,-75.6979,91
968,ottawa,fintech,119367443,45.4235,-75.6979,91
980,ottawa,fintech,119367443,45.4235,-75.6979,91
1025,ottawa,cybersecurity,98877293,45.4235,-75.6979,91
949,ottawa,cybersecurity,98877293,45.4235,-75.6979,91
957,ottawa,cybersecurity,98877293,45.4235,-75.6979,91
969,ottawa,cybersecurity,98877293,45.4235,-75.6979,91
953,ottawa,cybersecurity,98877293,45.4235,-75.6979,91
961,ottawa,cybersecurity,98877293,45.4235,-75.6979,91
965,ottawa,cybersecurity,98877293,45.4235,-75.6979,91
1021,ottawa,cybersecurity,98877293,45.4235,-75.6979,91
945,ottawa,cybersecurity,98877293,45.4235,-75.6979,91
1001,ottawa,cybersecurity,98877293,45.4235,-75.6979,91
973,ottawa,cybersecurity,98877293,45.4235,-75.6979,91
941,ottawa,cybersecurity,98877293,45.4235,-75.6979,91
981,ottawa,cybersecurity,98877293,45.4235,-75.6979,91
985,ottawa,cybersecurity,98877293,45.4235,-75.6979,91
989,ottawa,cybersecurity,98877293,45.4235,-75.6979,91
993,ottawa,cybersecurity,98877293,45.4235,-75.6979,91
997,ottawa,cybersecurity,98877293,45.4235,-75.6979,91
977,ottawa,cybersecurity,98877293,45.4235,-75.6979,91
1005,ottawa,cybersecurity,98877293,45.4235,-75.6979,91
1013,ottawa,cybersecurity,98877293,45.4235,-75.6979,91
1017,ottawa,cybersecurity,98877293,45.4235,-75.6979,91
925,ottawa,cybersecurity,98877293,45.4235,-75.6979,91
929,ottawa,cybersecurity,98877293,45.4235,-75.6979,91
933,ottawa,cybersecurity,98877293,45.4235,-75.6979,91
1009,ottawa,cybersecurity,98877293,45.4235,-75.6979,91
937,ottawa,cybersecurity,98877293,45.4235,-75.6979,91
1067,quebec,biotech,97289995,46.8131,-71.2075,52
1087,quebec,biotech,97289995,46.8131,-71.2075,52
1083,quebec,biotech,97289995,46.8131,-71.2075,52
1079,quebec,biotech,97289995,46.8131,-71.2075,52
1075,quebec,biotech,97289995,46.8131,-71.2075,52
1071,quebec,biotech,97289995,46.8131,-71.2075,52
1051,quebec,biotech,97289995,46.8131,-71.2075,52
1063,quebec,biotech,97289995,46.8131,-71.2075,52
1059,quebec,biotech,97289995,46.8131,-71.2075,52
1055,quebec,biotech,97289995,46.8131,-71.2075,52
1047,quebec,biotech,97289995,46.8131,-71.2075,52
1043,quebec,biotech,97289995,46.8131,-71.2075,52
1039,quebec,biotech,97289995,46.8131,-71.2075,52
1035,quebec,biotech,97289995,46.8131,-71.2075,52
1091,quebec,biotech,97289995,46.8131,-71.2075,52
1095,quebec,biotech,97289995,46.8131,-71.2075,52
1119,quebec,biotech,97289995,46.8131,-71.2075,52
1123,quebec,biotech,97289995,46.8131,-71.2075,52
1099,quebec,biotech,97289995,46.8131,-71.2075,52
1115,quebec,biotech,97289995,46.8131,-71.2075,52
1127,quebec,biotech,97289995,46.8131,-71.2075,52
1103,quebec,biotech,97289995,46.8131,-71.2075,52
1111,quebec,biotech,97289995,46.8131,-71.2075,52
1107,quebec,biotech,97289995,46.8131,-71.2075,52
1052,quebec,saas,90200000,46.8131,-71.2075,52
1120,quebec,saas,90200000,46.8131,-71.2075,52
1048,quebec,saas,90200000,46.8131,-71.2075,52
1096,quebec,saas,90200000,46.8131,-71.2075,52
1056,quebec,saas,90200000,46.8131,-71.2075,52
1124,quebec,saas,90200000,46.8131,-71.2075,52
1040,quebec,saas,90200000,46.8131,-71.2075,52
1036,quebec,saas,90200000,46.8131,-71.2075,52
1128,quebec,saas,90200000,46.8131,-71.2075,52
1044,quebec,saas,90200000,46.8131,-71.2075,52
1060,quebec,saas,90200000,46.8131,-71.2075,52
1116,quebec,saas,90200000,46.8131,-71.2075,52
1092,quebec,saas,90200000,46.8131,-71.2075,52
1064,quebec,saas,90200000,46.8131,-71.2075,52
1112,quebec,saas,90200000,46.8131,-71.2075,52
1068,quebec,saas,90200000,46.8131,-71.2075,52
1072,quebec,saas,90200000,46.8131,-71.2075,52
1076,quebec,saas,90200000,46.8131,-71.2075,52
1104,quebec,saas,90200000,46.8131,-71.2075,52
1080,quebec,saas,90200000,46.8131,-71.2075,52
1084,quebec,saas,90200000,46.8131,-71.2075,52
1100,quebec,saas,90200000,46.8131,-71.2075,52
1088,quebec,saas,90200000,46.8131,-71.2075,52
1108,quebec,saas,90200000,46.8131,-71.2075,52
2102,winnipeg,fintech,31500000,49.8954,-97.1385,4
2105,winnipeg,fintech,31500000,49.8954,-97.1385,4
2108,winnipeg,fintech,31500000,49.8954,-97.1385,4
365,edmonton,software development,24067925,53.5461,-113.4937,28
381,edmonton,software development,24067925,53.5461,-113.4937,28
369,edmonton,software development,24067925,53.5461,-113.4937,28
397,edmonton,software development,24067925,53.5461,-113.4937,28
393,edmonton,software development,24067925,53.5461,-113.4937,28
401,edmonton,software development,24067925,53.5461,-113.4937,28
389,edmonton,software development,24067925,53.5461,-113.4937,28
405,edmonton,software development,24067925,53.5461,-113.4937,28
373,edmonton,software development,24067925,53.5461,-113.4937,28
409,edmonton,software development,24067925,53.5461,-113.4937,28
385,edmonton,software development,24067925,53.5461,-113.4937,28
377,edmonton,software development,24067925,53.5461,-113.4937,28
413,edmonton,software development,24067925,53.5461,-113.4937,28
394,edmonton,cleantech,17000000,53.5461,-113.4937,28
390,edmonton,cleantech,17000000,53.5461,-113.4937,28
374,edmonton,cleantech,17000000,53.5461,-113.4937,28
382,edmonton,cleantech,17000000,53.5461,-113.4937,28
386,edmonton,cleantech,17000000,53.5461,-113.4937,28
366,edmonton,cleantech,17000000,53.5461,-113.4937,28
378,edmonton,cleantech,17000000,53.5461,-113.4937,28
402,edmonton,cleantech,17000000,53.5461,-113.4937,28
370,edmonton,cleantech,17000000,53.5461,-113.4937,28
406,edmonton,cleantech,17000000,53.5461,-113.4937,28
410,edmonton,cleantech,17000000,53.5461,-113.4937,28
414,edmonton,cleantech,17000000,53.5461,-113.4937,28
398,edmonton,cleantech,17000000,53.5461,-113.4937,28
371,edmonton,ai,16500000,53.5461,-113.4937,28
375,edmonton,ai,16500000,53.5461,-113.4937,28
367,edmonton,ai,16500000,53.5461,-113.4937,28
387,edmonton,ai,16500000,53.5461,-113.4937,28
379,edmonton,ai,16500000,53.5461,-113.4937,28
383,edmonton,ai,16500000,53.5461,-113.4937,28
415,edmonton,ai,16500000,53.5461,-113.4937,28
391,edmonton,ai,16500000,53.5461,-113.4937,28
395,edmonton,ai,16500000,53.5461,-113.4937,28
399,edmonton,ai,16500000,53.5461,-113.4937,28
403,edmonton,ai,16500000,53.5461,-113.4937,28
407,edmonton,ai,16500000,53.5461,-113.4937,28
411,edmonton,ai,16500000,53.5461,-113.4937,28
2103,winnipeg,edtech,3000000,49.8954,-97.1385,4
2106,winnipeg,edtech,3000000,49.8954,-97.1385,4
2109,winnipeg,edtech,3000000,49.8954,-97.1385,4
2104,winnipeg,saas,500000,49.8954,-97.1385,4
2107,winnipeg,saas,500000,49.8954,-97.1385,4
2110,winnipeg,saas,500000,49.8954,-97.1385,4
